<?xml version="1.0" encoding="utf-8" ?>
<dwsync>
<file name="AntykwaBold.ttf" server="ftp.hpvetclinic.com//public_html/" local="129946856380000000" remote="130605891600000000" Dst="0" />
<file name="Candice.ttf" server="ftp.hpvetclinic.com//public_html/" local="129946856440000000" remote="130605891600000000" Dst="0" />
<file name="Ding-DongDaddyO.ttf" server="ftp.hpvetclinic.com//public_html/" local="129946856420000000" remote="130605891600000000" Dst="0" />
<file name="Duality.ttf" server="ftp.hpvetclinic.com//public_html/" local="129946856460000000" remote="130605891600000000" Dst="0" />
<file name="Heineken.ttf" server="ftp.hpvetclinic.com//public_html/" local="129946856500000000" remote="130605891600000000" Dst="0" />
<file name="Jura.ttf" server="ftp.hpvetclinic.com//public_html/" local="129946856520000000" remote="130605891600000000" Dst="0" />
<file name="StayPuft.ttf" server="ftp.hpvetclinic.com//public_html/" local="129946856540000000" remote="130605891600000000" Dst="0" />
<file name="VeraSansBold.ttf" server="ftp.hpvetclinic.com//public_html/" local="129946856620000000" remote="130605891600000000" Dst="0" />
<file name="TimesNewRomanBold.ttf" server="ftp.hpvetclinic.com//public_html/" local="129946856800000000" remote="130605892200000000" Dst="0" />
</dwsync>